username,password,email,mobile
testuser1,password123,testuser1@example.com,13800138001
testuser2,password123,testuser2@example.com,13800138002
testuser3,password123,testuser3@example.com,13800138003
testuser4,password123,testuser4@example.com,13800138004
testuser5,password123,testuser5@example.com,13800138005
testuser6,password123,testuser6@example.com,13800138006
testuser7,password123,testuser7@example.com,13800138007
testuser8,password123,testuser8@example.com,13800138008
testuser9,password123,testuser9@example.com,13800138009
testuser10,password123,testuser10@example.com,13800138010
testuser11,password123,testuser11@example.com,13800138011
testuser12,password123,testuser12@example.com,13800138012
testuser13,password123,testuser13@example.com,13800138013
testuser14,password123,testuser14@example.com,13800138014
testuser15,password123,testuser15@example.com,13800138015
testuser16,password123,testuser16@example.com,13800138016
testuser17,password123,testuser17@example.com,13800138017
testuser18,password123,testuser18@example.com,13800138018
testuser19,password123,testuser19@example.com,13800138019
testuser20,password123,testuser20@example.com,13800138020
testuser21,password123,testuser21@example.com,13800138021
testuser22,password123,testuser22@example.com,13800138022
testuser23,password123,testuser23@example.com,13800138023
testuser24,password123,testuser24@example.com,13800138024
testuser25,password123,testuser25@example.com,13800138025
testuser26,password123,testuser26@example.com,13800138026
testuser27,password123,testuser27@example.com,13800138027
testuser28,password123,testuser28@example.com,13800138028
testuser29,password123,testuser29@example.com,13800138029
testuser30,password123,testuser30@example.com,13800138030
testuser31,password123,testuser31@example.com,13800138031
testuser32,password123,testuser32@example.com,13800138032
testuser33,password123,testuser33@example.com,13800138033
testuser34,password123,testuser34@example.com,13800138034
testuser35,password123,testuser35@example.com,13800138035
testuser36,password123,testuser36@example.com,13800138036
testuser37,password123,testuser37@example.com,13800138037
testuser38,password123,testuser38@example.com,13800138038
testuser39,password123,testuser39@example.com,13800138039
testuser40,password123,testuser40@example.com,13800138040
testuser41,password123,testuser41@example.com,13800138041
testuser42,password123,testuser42@example.com,13800138042
testuser43,password123,testuser43@example.com,13800138043
testuser44,password123,testuser44@example.com,13800138044
testuser45,password123,testuser45@example.com,13800138045
testuser46,password123,testuser46@example.com,13800138046
testuser47,password123,testuser47@example.com,13800138047
testuser48,password123,testuser48@example.com,13800138048
testuser49,password123,testuser49@example.com,13800138049
testuser50,password123,testuser50@example.com,13800138050
testuser51,password123,testuser51@example.com,13800138051
testuser52,password123,testuser52@example.com,13800138052
testuser53,password123,testuser53@example.com,13800138053
testuser54,password123,testuser54@example.com,13800138054
testuser55,password123,testuser55@example.com,13800138055
testuser56,password123,testuser56@example.com,13800138056
testuser57,password123,testuser57@example.com,13800138057
testuser58,password123,testuser58@example.com,13800138058
testuser59,password123,testuser59@example.com,13800138059
testuser60,password123,testuser60@example.com,13800138060
testuser61,password123,testuser61@example.com,13800138061
testuser62,password123,testuser62@example.com,13800138062
testuser63,password123,testuser63@example.com,13800138063
testuser64,password123,testuser64@example.com,13800138064
testuser65,password123,testuser65@example.com,13800138065
testuser66,password123,testuser66@example.com,13800138066
testuser67,password123,testuser67@example.com,13800138067
testuser68,password123,testuser68@example.com,13800138068
testuser69,password123,testuser69@example.com,13800138069
testuser70,password123,testuser70@example.com,13800138070
testuser71,password123,testuser71@example.com,13800138071
testuser72,password123,testuser72@example.com,13800138072
testuser73,password123,testuser73@example.com,13800138073
testuser74,password123,testuser74@example.com,13800138074
testuser75,password123,testuser75@example.com,13800138075
testuser76,password123,testuser76@example.com,13800138076
testuser77,password123,testuser77@example.com,13800138077
testuser78,password123,testuser78@example.com,13800138078
testuser79,password123,testuser79@example.com,13800138079
testuser80,password123,testuser80@example.com,13800138080
testuser81,password123,testuser81@example.com,13800138081
testuser82,password123,testuser82@example.com,13800138082
testuser83,password123,testuser83@example.com,13800138083
testuser84,password123,testuser84@example.com,13800138084
testuser85,password123,testuser85@example.com,13800138085
testuser86,password123,testuser86@example.com,13800138086
testuser87,password123,testuser87@example.com,13800138087
testuser88,password123,testuser88@example.com,13800138088
testuser89,password123,testuser89@example.com,13800138089
testuser90,password123,testuser90@example.com,13800138090
testuser91,password123,testuser91@example.com,13800138091
testuser92,password123,testuser92@example.com,13800138092
testuser93,password123,testuser93@example.com,13800138093
testuser94,password123,testuser94@example.com,13800138094
testuser95,password123,testuser95@example.com,13800138095
testuser96,password123,testuser96@example.com,13800138096
testuser97,password123,testuser97@example.com,13800138097
testuser98,password123,testuser98@example.com,13800138098
testuser99,password123,testuser99@example.com,13800138099
testuser100,password123,testuser100@example.com,13800138100 